Sr no,Number of transaction,Date,Onsite_ATMs,Offsite_ATMs,PoS_Terminals,Micro_ATMs,Bharat_QR_Codes,UPI_QR_Codes,Credit_Cards_Outstanding,Debit_Cards_Outstanding,CC_PoS_Volume,CC_PoS_Value_Crore,DC_PoS_Value_Crore,DC_Ecommerce_Volume,DC_Ecommerce_Value_Crore,DC_Other_Volume,DC_Other_Value_Crore,DC_ATM_Withdrawal_Volume,DC_ATM_Withdrawal_Value_Crore,DC_PoS_Cash_Withdrawal_Volume,DC_PoS_Cash_Withdrawal_Value_Crore,total_cash_withdrawal_value_crore,Ecommerce Spend,Cash_to_Digital_Reliance_Ratio,atm_ats,ecom_ats,qr_pos_ratio
1,63,2026-04-01,136126,73857,11446998,1367989,5616038,770811461,119436129,1023391739,275583970,73848.8494,24343.4366,25662638,12465.1148,74041,168.2311,413006692,231206.2478,8094,1.5112,231207.75900000002,110657.4008,2.089401678771403,5598.12,4857.3,67.8280453093466
2,64,2026-03-01,135638,73693,11769361,1389878,5633027,761217394,118633677,1044568658,284035391,78470.4542,24346.4508,26307005,13433.9503,78017,167.9903,443999321,248419.0349,9984,1.7029,248420.7378,116250.8553,2.136936860885186,5595.03,5106.61,65.15650433358276
3,64,2026-02-01,135004,73830,11664877,1389518,5897360,754203742,117704486,1041766655,243400333,67435.405,21861.7996,22661665,11109.9285,73930,162.8965,414511705,230241.7305,10737,1.6749,230243.40540000002,100407.13309999999,2.2930980926493563,5554.53,4902.52,65.1615188055562
4,64,2026-01-01,134085,73830,11545210,1391526,5843742,738380380,116652407,1037756960,267494799,75987.8304,25513.0179,24429856,12279.0555,80114,164.6178,441200393,239172.0254,12351,0.19,239172.21540000002,113779.90380000001,2.1020602708577787,5420.94,5026.25,64.46172239396252
5,64,2025-12-01,133729,73756,11474672,1414547,5890220,731365285,115791713,1034345867,272631988,78476.4839,24599.0962,25407654,12512.323,81047,162.9609,444401793,238924.8011,11876,1.9589,238926.76,115587.90310000001,2.067056790478276,5376.32,4924.63,64.25068228529757
6,64,2025-11-01,133339,74457,11253425,1427193,5952557,728199556,115001607,1031703169,253839650,75639.8668,22754.1233,24803398,11236.8984,76453,152.3649,438022645,234054.5562,12269,0.1989,234054.75509999998,109630.8885,2.1349343994416317,5343.44,4530.39,65.23810422160365
7,64,2025-10-01,132454,74923,12308241,1464566,6047707,717433868,114133565,1027150225,260941537,88356.9958,29103.5293,26666791,12888.1344,78957,151.3487,463633544,250321.4543,12577,1.9954,250323.44970000003,130348.6595,1.9204144535141923,5399.12,4833.03,58.7802574713966
8,64,2025-09-01,131664,75047,12116102,1459945,6070528,708974740,113507240,1024808790,241614615,72543.8998,22772.6759,26904171,13854.2745,79030,148.7487,437090119,229713.3845,9740,1.2203,229714.60479999997,109170.8502,2.1041752846951813,5255.52,5149.49,59.01611491880804
9,64,2025-08-01,130897,76122,11964613,1471422,6573082,697747231,112495592,1018042450,250162542,72753.323,24662.8177,27641922,12599.303,78872,144.19,460136709,238883.1511,10137,1.0157,238884.16679999998,110015.4437,2.171369389296023,5191.57,4558.04,58.86695315594412
10,64,2025-07-01,131223,76840,11913080,1466668,6641351,688030939,111807972,1012727337,243275291,70380.3113,23921.1901,28764405,14066.2221,77390,150.0947,444765520,231722.4285,10595,1.0374,231723.4659,108367.72350000001,2.1383070384421243,5209.99,4890.15,58.31172878886065
11,64,2025-06-01,131169,78801,11782954,1459218,6699048,678160811,110969493,1005180283,233869565,67467.7887,23079.2379,27210465,12254.7769,71982,129.3975,435858139,228734.6696,11475,0.1083,228734.7779,102801.80350000001,2.2250074425980277,5247.92,4503.7,58.12293411312647
12,64,2025-05-01,134809,81162,11581161,1478043,6642075,669729906,111049553,1000369817,235914154,69607.416,24735.4381,28805524,12096.4648,84674,146.5297,457987566,244944.9083,12800,1.2621,244946.1704,106439.3189,2.3012752517716457,5348.29,4199.36,58.40277852971736
13,64,2025-04-01,131265,82526,11283266,1473668,6663778,662384943,110437069,995983731,228140764,67899.2925,26187.4889,29478270,11786.2833,84978,139.3438,457805976,243493.5536,14548,0.1425,243493.6961,105873.06469999999,2.2998644347356842,5318.71,3998.3,59.29566146893993
14,64,2025-03-01,131323,83518,11098051,1481883,6718039,657929517,109884686,990812421,230266329,71473.0077,25818.0396,30622450,13077.3577,97940,159.2844,495721528,262539.7947,19075,2.0745,262541.8692,110368.405,2.37877741551126,5296.11,4270.51,59.888673786054866
15,64,2025-02-01,132059,84777,10717514,1467966,6548149,649691280,109315356,985676745,199995593,62124.9131,23216.2172,27813305,10952.9322,94042,144.8942,447376890,234407.9628,19281,0.2136,234408.1764,96294.06249999999,2.434295223550258,5239.61,3938.02,61.23056419613727
16,64,2025-01-01,130902,85804,10352730,1473899,6443092,640164702,108873184,982039277,217743317,69429.4042,25998.7962,30470254,12793.4625,107782,171.1062,488353232,250646.0607,24327,2.768,250648.8287,108221.6629,2.316068908787762,5132.47,4198.67,62.45770864303425
17,64,2024-12-01,128485,85913,10000549,1476237,6382626,633529503,108055905,990948054,224003238,73048.3766,27608.9698,31450542,12813.9199,109055,175.958,492354062,251160.6435,26269,3.0,251163.6435,113471.26630000002,2.21345589671982,5101.22,4074.31,63.987699975271354
18,64,2024-11-01,129028,86359,9690872,1451783,6359691,626179913,107239710,979571767,203602021,68233.4314,26676.6798,31461770,12165.1676,102956,168.1596,473461480,240470.5908,26920,0.2934,240470.8842,107075.2788,2.2458114225335084,5078.99,3866.65,65.27169113367714
19,64,2024-10-01,128886,87322,9509265,1450704,6431243,616851592,106889655,980910678,219672648,79292.8079,32091.3955,36584271,14550.8267,116146,187.5291,551523295,284076.1475,28011,3.1647,284079.31220000004,125935.0301,2.255760863156375,5150.76,3977.34,65.544796048906
20,64,2024-09-01,127929,87838,9342792,1452891,6416121,607078667,106103318,973281885,197805269,60857.0913,25776.9047,35749253,14146.2194,109833,178.3838,492217655,243929.5322,25466,2.5483,243932.08049999998,100780.2154,2.420436189105426,4955.72,3957.07,65.66503760332029
21,64,2024-08-01,127395,88056,9300689,1449541,6397044,591292586,105424368,968549216,202395092,63048.0567,29345.6046,35990011,14009.6558,114985,186.5741,512853446,253703.4513,28487,2.8193,253706.2706,106403.31710000001,2.3843830955153553,4946.9,3892.65,64.26294116489649
22,64,2024-07-01,127123,89229,8971653,1478495,6186837,585113612,104568437,963202289,197093825,62284.0862,28599.7562,38680230,15965.654,117996,199.257,504014444,248967.6959,26880,2.6837,248970.3796,106849.49639999999,2.330103444455729,4939.69,4127.6,65.90763697615144
23,64,2024-06-01,126772,90142,8966994,1524658,6164285,577015207,103813018,962423990,189539729,59417.1881,27629.4974,35922874,13440.8621,113155,188.503,504581442,253843.9036,26770,2.7535,253846.65709999998,100487.54759999999,2.526150385423477,5030.78,3741.59,65.03623087067974
24,64,2024-05-01,126741,90591,8804112,1569099,6120597,569084478,103300377,956598286,190657554,63831.1656,29771.7126,38828237,13587.8616,118834,205.3923,513352410,258784.9799,30889,3.0227,258788.0026,107190.73980000001,2.4142757395168197,5041.08,3499.48,65.33368441928044
25,65,2024-04-01,126593,91826,8838746,1743533,6072780,559720407,102539752,950944926,184335568,61982.0116,30022.2066,39111034,13681.425,119186,207.4603,520760143,264456.7274,50233,5.0192,264461.74659999995,105685.6432,2.502343162159985,5078.28,3498.1,64.01283473922658
26,65,2024-03-01,126116,92699,8902926,1755119,6250196,343492584,101802736,964919399,180004266,60378.1572,29309.0057,42968320,15213.8019,129481,226.1398,552862640,276713.8389,51394,4.9859,276718.8248,104900.9648,2.6379054313521433,5005.11,3540.7,39.28402639761355
27,65,2024-02-01,126250,92977,8773202,1701087,6149634,337180260,100600166,960670824,161850185,54431.4786,27918.0823,41226929,13323.5416,124507,210.448,513916828,255808.9366,53399,5.0742,255814.0108,95673.1025,2.6738341719398093,4977.63,3231.76,39.13393240005188
28,65,2024-01-01,126247,93381,8593226,1760454,6003737,321379274,99500257,957565545,172558618,58531.7661,30383.407,45014041,14882.6173,135975,220.5492,527218696,259326.3252,63943,6.1194,259332.4446,103797.7904,2.498438970623791,4918.76,3306.22,38.097800639713185
29,65,2023-12-01,126211,93671,8567404,1688558,5956884,317065667,97904611,960880694,170670440,58300.1775,32225.3493,46503231,15484.3192,153117,224.8509,542847035,267842.5036,66002,6.4043,267848.9079,106009.84599999999,2.526641797970351,4934.03,3329.73,37.70366741197217
30,61,2023-11-01,126210,93736,8432188,1587203,5874077,308738854,96001382,976569441,158365586,59014.9316,34379.1945,46821493,14794.6512,149673,220.3056,550575141,275032.3988,74817,7.2921,275039.69090000005,108188.77729999999,2.542220161499136,4995.37,3159.8,37.310948356464536
31,61,2023-10-01,125969,93771,8348085,1530287,5974796,301720198,94710817,980170746,159674344,57774.3548,33730.8257,52743879,18138.8556,151120,231.4596,568338459,276289.3258,84182,8.265,276297.5908,109644.0361,2.519950930554991,4861.35,3439.04,36.858152977599055
32,61,2023-09-01,125530,93751,8303183,1487340,5981788,295005751,93017482,978286201,142095530,49440.362,30511.7307,51173127,16127.2721,152430,227.4358,534069516,259071.9255,95914,9.1857,259081.1112,96079.36480000001,2.6965323067997633,4850.9,3151.51,36.24965739042485
33,61,2023-08-01,125097,93934,8246614,1529170,5899351,288164224,91278257,978056921,152079075,52960.7049,34604.6102,57865140,17839.1388,156506,235.9193,568510399,271611.6834,124994,12.169,271623.8524,105404.45390000001,2.5769675032679045,4777.6,3082.88,35.65870489391161
34,61,2023-07-01,124035,93950,8122659,1536551,5805513,280725218,89873251,970740526,143420966,49789.4278,33512.5029,61443583,19539.0977,166902,261.5324,555398241,267869.8795,222629,21.8174,267891.6969,102841.0284,2.604910715770322,4823.02,3180.01,35.27548441957246
35,61,2023-06-01,124610,94930,8093909,1495632,5688369,272015427,88682356,975833131,137870682,48854.0584,33778.4725,60094465,17012.926,163043,257.9483,554042939,272642.9596,228773,2.2674,272645.227,99645.45690000002,2.7361531120642586,4920.97,2831.03,34.31021969730571
36,61,2023-05-01,123968,95566,7960626,1465633,5545430,266757057,87747311,973926235,141998076,50810.9902,35588.7814,64520614,16913.7959,168727,273.3283,565590831,278080.4965,231260,22.7316,278103.2281,103313.5675,2.691836462815012,4916.64,2621.46,34.20616506792305
37,61,2023-04-01,123701,95739,7837235,1427883,5435545,260907677,86512698,967011806,140820010,51624.4511,37646.9544,65986012,16717.6074,156903,262.8275,566730618,281247.7741,208814,20.7348,281268.50889999996,105989.0129,2.6537515654134367,4962.64,2533.51,33.984335291719596
38,61,2023-03-01,123613,95893,7789512,1610556,5382044,256376760,85303238,961258764,140459965,50920.2003,35222.228,72836380,18198.4448,178422,303.343,587888749,284949.0246,230733,22.5508,284971.57540000003,104340.8731,2.731159582370794,4846.99,2498.54,33.604005488405434
39,61,2023-02-01,121944,95969,7758264,1559440,5222330,250089414,83365756,954121549,125588235,44610.8351,33432.2143,68168243,15984.4404,168078,276.7308,543346477,262097.799,216186,2.1413,262099.9403,94027.48979999998,2.7874820529346946,4823.77,2344.85,32.90835991144411
40,61,2023-01-01,121894,96243,7657412,1474548,5057494,244234238,82452029,945581088,140918856,48934.0711,37520.4272,76582588,17966.9528,175932,290.5727,570948261,270595.3437,242054,23.8066,270619.15030000004,104421.4511,2.5916049571159427,4739.4,2346.09,32.555611739318714
41,61,2022-12-01,120727,96365,7550065,1419271,4958536,236181825,81186874,939465892,140578775,48611.0772,39573.7643,80573071,18729.9782,204361,322.297,585032896,278927.1573,235640,23.155,278950.31230000005,106914.81970000001,2.6090893019576407,4767.72,2324.6,31.938845692056955
42,58,2022-11-01,20234,96747,7351681,1334449,4824864,230287297,80606319,947728880,127599426,43455.9911,37238.3619,82684963,18040.7281,197086,314.5868,556842372,264180.3821,226326,22.1022,264202.4843,98735.08110000001,2.6758724594798555,4744.26,2181.86,31.98073488226706
43,58,2022-10-01,120234,96747,7211092,1290549,4719014,225322711,79367754,944231664,140050765,51183.4752,46016.4837,91378059,20570.8059,332277,363.004,607830447,290556.59,210778,20.7394,290577.32940000005,117770.7648,2.4673129183924605,4780.22,2251.18,31.90109417547301
44,58,2022-09-01,120236,97072,7035017,1242683,4864347,216429798,77701744,938537898,131162791,44968.7809,38093.194,100578125,22669.006,601748,441.7142,568415012,263765.2333,266937,33.7325,263798.9658,105730.9809,2.495001593236898,4640.36,2253.87,31.456092430195977
45,58,2022-08-01,119970,97217,7057534,1170609,4749103,209254445,77991469,935025959,133053592,44943.1655,40552.4364,101732782,21159.539,631111,446.6796,572384459,267288.7498,216150,20.7066,267309.45639999997,106655.14090000001,2.506296969319366,4669.74,2079.91,30.32270875351079
46,58,2022-07-01,120659,97198,6819488,1135832,4521093,201301640,80255722,928134494,122069302,41766.619,41197.5862,107458644,22846.2376,661411,471.1377,573551845,270609.0482,224677,21.9851,270631.0333,105810.44279999999,2.5576968221514713,4718.13,2126.05,30.18155219277459
47,58,2022-06-01,120241,97447,6590890,1071631,4280392,195291415,78722617,915451104,121050714,40465.5133,39870.5705,107067495,20455.7517,704143,558.4706,569079212,269935.4715,227220,22.3551,269957.8266,100791.83549999999,2.678369981663842,4743.37,1910.55,30.27994807984961
48,58,2022-05-01,120044,97809,6169175,1013016,4138046,188116325,76876980,917621280,122026225,42265.6126,44272.5481,115871531,20979.0123,665129,548.3471,582901359,278832.7767,220175,21.6438,278854.4205,107517.17300000001,2.5935802878671295,4783.53,1810.54,31.16370843751393
49,58,2022-04-01,119727,97896,6126144,948440,4090174,180721191,75166069,920517551,115287191,39806.8196,43529.738,117379834,21006.8188,630037,525.116,579296526,285011.1243,223737,21.9158,285033.04010000004,104343.37640000001,2.731683120999715,4919.95,1789.64,30.16764950350498
50,58,2022-03-01,116794,98267,6070142,915834,4971779,172733615,73627330,917665707,113433127,38776.947,40769.9961,118976736,22687.3631,696701,594.5062,592787053,285892.5535,221118,21.3146,285913.86809999996,102234.3062,2.796652892040656,4822.85,1906.87,29.275327331716458
