date,Urban,Rural,Urban_Wireless,Rural_Wireless,Urban_Wireline,Rural_Wireline,Total(million),rural_share,urban_share,total_wireless,total_wireline
2015-01-01,575.05,404.16,553.45,398.89,21.6,5.27,979.21,41.274088295666914,58.72591170433308,952.34,26.87
2015-02-01,578.75,408.55,557.27,403.31,21.48,5.24,987.3,41.38053276612985,58.61946723387015,960.5799999999999,26.72
2015-03-01,577.18,419.31,555.71,414.18,21.47,5.12,996.49,42.07869622374535,57.92130377625465,969.8900000000001,26.59
2015-04-01,580.13,419.58,558.78,414.57,21.36,5.01,999.71,41.97017134969141,58.02982865030859,973.3499999999999,26.369999999999997
2015-05-01,580.15,421.9,558.83,416.95,21.32,4.95,1002.05,42.10368744074647,57.89631255925352,975.78,26.27
2015-07-01,588.53,420.78,567.29,415.92,21.24,4.86,1009.31,41.68986733511012,58.31013266488988,983.21,26.099999999999998
2015-08-01,591.52,423.18,570.33,418.36,21.2,4.82,1014.7,41.70493741992707,58.29506258007292,988.69,26.02
2015-09-01,599.01,423.61,577.82,418.84,21.18,4.77,1022.61,41.424394441673755,58.5765834482354,996.6600000000001,25.95
2015-10-01,599.25,430.09,578.11,425.38,21.14,4.71,1029.34,41.78308430644879,58.21691569355121,1003.49,25.85
2015-11-01,598.92,436.26,577.84,431.61,21.08,4.64,1035.18,42.143395351533066,57.85660464846693,1009.45,25.72
2015-12-01,600.66,435.75,579.67,431.22,20.99,4.53,1036.41,42.04417170810779,57.955828291892196,1010.89,25.52
2016-01-01,603.85,439.43,582.95,435.02,20.9,4.42,1043.29,42.119640751852316,57.879400741883856,1017.97,25.32
2016-02-01,608.42,443.46,587.55,439.11,20.87,4.34,1051.88,42.15880138418831,57.841198615811685,1026.6599999999999,25.21
2016-03-01,609.69,449.17,588.79,444.84,20.9,4.32,1058.86,42.42014997261206,57.579850027387955,1033.6299999999999,25.22
2016-04-01,607.21,452.08,586.41,447.84,20.8,4.23,1059.29,42.67764257191137,57.32235742808863,1034.25,25.03
2016-05-01,604.98,453.05,584.25,448.9,20.73,4.15,1058.03,42.820146876742626,57.179853123257374,1033.15,24.880000000000003
2016-06-01,609.45,450.41,588.78,446.33,20.66,4.08,1059.86,42.49712226143076,57.50287773856926,1035.11,24.740000000000002
2016-07-01,610.22,448.63,589.61,444.63,20.61,4.0,1058.85,42.369551872314304,57.63044812768571,1034.24,24.61
2016-08-01,606.46,446.94,585.89,442.99,20.57,3.94,1053.4,42.428327321055626,57.571672678944374,1028.88,24.51
2016-09-01,624.38,449.86,603.8,445.94,20.57,3.92,1074.24,41.87704795948764,58.12295204051237,1049.74,24.490000000000002
2016-10-01,642.37,460.57,621.77,456.66,20.61,3.91,1102.94,41.75839120895062,58.24160879104937,1078.43,24.52
2016-11-01,659.03,464.93,638.46,461.05,20.57,3.88,1123.96,41.36535108010961,58.63464891989039,1099.51,24.45
2016-12-01,683.14,468.64,662.6,464.78,20.55,3.86,1151.78,40.68832589557033,59.31167410442967,1127.38,24.41
2017-01-01,681.15,493.65,660.63,489.82,20.51,3.83,1174.8,42.01991828396323,57.98008171603677,1150.45,24.340000000000003
2017-02-01,692.15,496.39,671.63,492.57,20.52,3.83,1188.55,41.76433469353414,58.23482394514324,1164.2,24.35
2017-03-01,692.97,501.61,672.42,497.76,20.56,3.85,1194.58,41.9904903815567,58.00950961844331,1170.1799999999998,24.41
2017-04-01,695.99,502.9,675.48,499.12,20.52,3.78,1198.89,41.947134432683555,58.052865567316424,1174.6,24.3
2017-05-01,697.06,507.92,676.65,504.18,20.41,3.74,1204.98,42.15173695828977,57.84826304171023,1180.83,24.15
2017-06-01,700.96,509.88,680.66,506.18,20.31,3.69,1210.84,42.1096098576195,57.8903901423805,1186.84,24.0
2017-07-01,702.97,507.74,682.69,504.1,20.28,3.63,1210.71,41.93737558953011,58.06262441046989,1186.79,23.91
2017-08-01,707.33,502.28,687.14,498.7,20.19,3.58,1209.61,41.52412761137887,58.47587238862113,1185.84,23.770000000000003
2017-09-01,704.89,501.82,684.77,498.28,20.12,3.55,1206.71,41.585799404993736,58.41420059500625,1183.05,23.67
2017-10-01,697.54,504.19,677.52,500.68,20.02,3.51,1201.72,41.955696834537164,58.04513530606131,1178.2,23.53
2017-11-01,684.89,500.99,664.94,497.53,19.95,3.47,1185.88,42.24626437750868,57.753735622491305,1162.47,23.419999999999998
2017-12-01,688.25,502.42,668.44,499.0,19.81,3.42,1190.67,42.196410424382904,57.80358957561709,1167.44,23.229999999999997
2018-01-01,672.54,502.47,652.85,499.09,19.69,3.38,1175.01,42.763040314550516,57.236959685449484,1151.94,23.07
2018-02-01,669.63,510.2,650.03,506.84,19.6,3.37,1179.83,43.24351813396846,56.75648186603155,1156.87,22.970000000000002
2018-03-01,681.61,524.61,662.18,521.23,19.43,3.38,1206.22,43.492066123924324,56.507933876075676,1183.4099999999999,22.81
2018-04-01,643.87,503.84,624.52,500.55,19.34,3.3,1147.71,43.899591360186804,56.100408639813196,1125.07,22.64
2018-05-01,644.9,508.61,625.66,505.34,19.24,3.27,1153.51,44.09237891305667,55.90762108694333,1131.0,22.509999999999998
2018-06-01,652.76,516.13,633.6,512.89,19.16,3.24,1168.89,44.15556639204715,55.84443360795284,1146.49,22.4
2018-07-01,658.78,520.53,639.71,517.33,19.07,3.2,1179.32,44.138147406980295,55.861004646745585,1157.04,22.27
2018-08-01,666.8,522.29,647.8,519.1,19.0,3.19,1189.08,43.92387391933259,56.076967066976145,1166.9,22.19
2018-09-01,666.64,524.76,647.7,521.59,18.95,3.17,1191.4,44.04566056739969,55.9543394326003,1169.29,22.119999999999997
2018-10-01,667.12,524.91,648.24,521.77,18.88,3.14,1192.04,44.03459615449145,55.96456494748499,1170.01,22.02
2018-11-01,664.54,529.18,645.71,526.05,18.83,3.13,1193.72,44.330328720302916,55.66967127969708,1171.76,21.959999999999997
2018-12-01,666.28,531.59,647.52,528.48,18.76,3.11,1197.87,44.37793750573936,55.622062494260646,1176.0,21.87
2019-01-01,672.91,530.86,654.2,527.77,18.71,3.08,1203.77,44.099786504066394,55.900213495933606,1181.97,21.79
2019-02-01,675.24,530.16,656.57,527.11,18.67,3.05,1205.4,43.982080637132896,56.0179193628671,1183.68,21.720000000000002
2019-03-01,669.16,514.35,650.49,511.32,18.67,3.02,1183.51,43.45970883220252,56.540291167797484,1161.81,21.69
2019-04-01,670.86,512.91,652.35,509.95,18.52,2.96,1183.77,43.328518208773666,56.67148179122634,1162.3,21.48
2019-05-01,674.66,508.49,656.27,505.59,18.39,2.9,1183.15,42.977644423783964,57.02235557621602,1161.86,21.29
2019-06-01,675.58,511.05,657.27,508.19,18.31,2.85,1186.63,43.067341968431606,56.93265803156839,1165.46,21.16
2019-07-01,678.02,511.25,659.87,508.45,18.16,2.81,1189.28,42.98819453787166,57.0109646172474,1168.32,20.97
2019-08-01,680.8,511.02,662.74,508.25,18.05,2.76,1191.81,42.87763989226471,57.12319916765256,1170.99,20.810000000000002
2019-09-01,677.95,517.29,659.18,514.56,18.77,2.72,1195.24,43.27917405709314,56.72082594290687,1173.7399999999998,21.49
2019-10-01,681.69,523.16,662.92,520.48,18.76,2.68,1204.85,43.42117276009462,56.578827239905394,1183.4,21.44
2019-11-01,665.99,509.89,647.33,507.26,18.66,2.63,1175.88,43.36241793380277,56.637582066197226,1154.5900000000001,21.29
2019-12-01,662.45,509.99,643.97,507.46,18.47,2.53,1172.44,43.49817474668213,56.501825253317875,1151.43,21.0
2020-01-01,662.75,514.27,644.54,511.9,18.21,2.37,1177.02,43.69254558121357,56.30745441878643,1156.44,20.580000000000002
2020-02-01,661.23,519.62,643.24,517.34,17.98,2.28,1180.84,44.00426814809797,55.99657870668339,1160.58,20.26
2020-03-01,656.46,521.51,638.48,519.27,17.97,2.24,1177.97,44.27192543103814,55.72807456896186,1157.75,20.21
2020-04-01,647.19,522.24,629.44,520.08,17.76,2.16,1169.44,44.65727185661513,55.34187303324668,1149.52,19.92
2020-05-01,637.85,525.82,620.21,523.7,17.65,2.12,1163.67,45.186350082067946,54.81364991793206,1143.91,19.77
2020-06-01,636.83,523.69,619.11,521.6,17.72,2.09,1160.52,45.12546100024128,54.87453899975874,1140.71,19.81
2020-07-01,638.46,525.54,620.68,523.5,17.78,2.04,1164.0,45.149484536082475,54.850515463917525,1144.1799999999998,19.82
2020-09-01,644.26,524.39,626.16,522.42,18.1,1.98,1168.66,44.87104889360464,55.12809542553009,1148.58,20.080000000000002
2020-10-01,647.36,524.44,629.28,522.53,18.07,1.92,1171.8,44.75507765830347,55.24492234169654,1151.81,19.990000000000002
2020-11-01,648.6,526.67,630.4,524.8,18.2,1.87,1175.27,44.8126813413088,55.1873186586912,1155.1999999999998,20.07
2020-12-01,647.91,525.92,629.67,524.11,18.24,1.81,1173.83,44.803762043907554,55.19623795609245,1153.78,20.049999999999997
2021-01-01,653.29,530.19,634.97,528.44,18.32,1.75,1183.49,44.798857616033935,55.20029742541128,1163.41,20.07
2021-02-01,657.72,530.18,639.24,528.47,18.47,1.71,1187.9,44.63170300530347,55.36829699469652,1167.71,20.18
2021-03-01,663.77,537.42,645.2,535.75,18.57,1.67,1201.2,44.74025974025974,55.25890775890776,1180.95,20.240000000000002
2021-04-01,664.34,539.14,645.62,537.49,18.72,1.64,1203.47,44.7987901651059,55.20204076545323,1183.1100000000001,20.36
2021-05-01,661.18,537.32,641.48,535.36,19.7,1.96,1198.5,44.83270755110556,55.16729244889444,1176.8400000000001,21.66
2021-06-01,666.1,536.47,646.29,534.54,19.8,1.93,1202.57,44.61029295591941,55.389707044080595,1180.83,21.73
2021-07-01,670.75,538.7,650.1,536.74,20.65,1.96,1209.45,44.54090702385382,55.45909297614619,1186.8400000000001,22.61
2021-08-01,671.31,538.28,650.39,536.33,20.91,1.95,1209.58,44.501397179186164,55.499429554060086,1186.72,22.86
2021-09-01,659.09,530.06,637.89,528.13,21.2,1.93,1189.15,44.57469621157969,55.4253037884203,1166.02,23.13
2021-10-01,658.83,530.79,637.44,528.86,21.39,1.93,1189.62,44.61844958894437,55.381550411055635,1166.3000000000002,23.32
2021-11-01,660.08,530.96,638.46,529.04,21.62,1.92,1191.05,44.57915284832711,55.420007556357845,1167.5,23.54
2022-01-01,649.38,520.08,627.12,518.13,22.26,1.95,1169.46,44.47180750089785,55.52819249910215,1145.25,24.21
2022-02-01,647.76,518.29,625.19,516.34,22.57,1.94,1166.05,44.44835127138631,55.5516487286137,1141.5300000000002,24.51
2022-03-01,647.11,519.82,624.23,517.86,22.88,1.96,1166.93,44.54594534376526,55.45405465623473,1142.0900000000001,24.84
2022-04-01,646.99,520.82,623.78,518.88,23.22,1.94,1167.82,44.59762634652601,55.40151735712696,1142.6599999999999,25.16
2022-05-01,647.81,522.92,624.55,520.96,23.26,1.97,1170.73,44.666148471466514,55.33385152853347,1145.51,25.23
2022-06-01,649.09,523.87,625.49,521.9,23.6,1.97,1172.96,44.66222207065885,55.33777792934116,1147.3899999999999,25.57
2022-07-01,650.4,523.26,626.74,521.29,23.66,1.97,1173.66,44.583610244875004,55.41638975512498,1148.03,25.63
2022-08-01,651.07,524.01,627.09,522.02,23.98,1.99,1175.08,44.593559587432345,55.40644041256766,1149.1100000000001,25.97
2022-09-01,651.61,520.3,627.14,518.31,24.48,1.99,1171.92,44.397228479759704,55.6019182196737,1145.4499999999998,26.47
2022-10-01,649.99,520.46,625.18,518.45,24.81,2.01,1170.45,44.46665812294417,55.53334187705583,1143.63,26.82
2022-11-01,651.68,518.5,626.6,516.45,25.08,2.05,1170.18,44.309422482011314,55.69057751798868,1143.0500000000002,27.13
2022-12-01,652.39,517.99,627.03,515.89,25.35,2.1,1170.38,44.25827509014166,55.74172490985833,1142.92,27.450000000000003
2023-01-01,652.72,518.03,627.13,515.89,25.59,2.14,1170.75,44.2477044629511,55.7522955370489,1143.02,27.73
2023-02-01,652.16,517.77,626.37,515.6,25.79,2.17,1169.93,44.256493978272196,55.74350602172778,1141.97,27.96
2023-03-01,653.71,518.63,627.54,516.38,26.16,2.25,1172.34,44.23887268198646,55.76112731801355,1143.92,28.41
2023-04-01,653.88,518.64,626.74,516.39,27.14,2.25,1172.52,44.232934193020164,55.76706580697984,1143.13,29.39
2023-05-01,653.43,519.14,626.26,516.95,27.18,2.19,1172.57,44.273689417262936,55.72631058273706,1143.21,29.37
2023-06-01,653.7,520.19,626.07,517.51,27.63,2.68,1173.89,44.31335133615586,55.68664866384414,1143.58,30.31
2023-07-01,656.47,520.38,628.55,517.69,27.92,2.69,1176.85,44.218039682202495,55.78196031779752,1146.24,30.610000000000003
2023-08-01,657.47,521.74,629.39,519.04,28.08,2.7,1179.21,44.244875806684135,55.755124193315865,1148.4299999999998,30.779999999999998
2023-09-01,658.46,522.66,630.17,519.99,28.3,2.68,1181.13,44.250844530237984,55.74830882290688,1150.1599999999999,30.98
2023-10-01,658.99,523.32,630.36,520.62,28.63,2.7,1182.31,44.262503066031755,55.73749693396826,1150.98,31.33
2023-11-01,659.58,526.15,630.72,523.45,28.87,2.7,1185.73,44.37350830290201,55.62649169709799,1154.17,31.57
2023-12-01,662.56,527.77,633.44,525.05,29.12,2.72,1190.33,44.33812472171583,55.66187527828417,1158.49,31.84
2024-01-01,663.72,529.53,633.96,526.75,29.75,2.79,1193.25,44.37712130735386,55.62287869264614,1160.71,32.54
2024-02-01,666.4,531.35,636.11,528.53,30.29,2.81,1197.75,44.362346065539555,55.63765393446044,1164.6399999999999,33.1
2024-03-01,665.38,533.9,634.47,531.02,30.92,2.88,1199.28,44.51837769328264,55.48162230671736,1165.49,33.800000000000004
2024-04-01,664.89,536.33,633.53,533.42,31.36,2.9,1201.22,44.648773746690864,55.351226253309136,1166.9499999999998,34.26
2024-05-01,665.89,537.8,634.1,534.85,31.78,2.95,1203.69,44.67927788716363,55.320722112836364,1168.95,34.730000000000004
2024-06-01,667.13,538.51,635.0,535.53,32.13,2.98,1205.64,44.66590358647689,55.334096413523106,1170.53,35.11
2024-07-01,667.96,537.21,635.46,534.15,32.5,3.06,1205.17,44.57545408531576,55.42454591468423,1169.6100000000001,35.56
2024-08-01,666.58,533.49,633.21,530.63,33.37,2.86,1200.07,44.454906797103504,55.5450932028965,1163.8400000000001,36.23
2024-09-01,662.15,528.51,628.12,525.6,34.03,2.9,1190.66,44.38798649488518,55.6120135051148,1153.72,36.93
2024-10-01,660.42,527.79,625.56,524.86,34.86,2.93,1188.2,44.41928968187173,55.58155192728497,1150.42,37.79
2024-11-01,659.87,527.27,624.32,524.32,35.55,2.95,1187.15,44.41477488101756,55.58438276544665,1148.64,38.5
2024-12-01,663.37,526.56,627.08,523.58,36.29,2.98,1189.92,44.251714400968126,55.749125991663306,1150.66,39.269999999999996
2025-01-01,663.83,528.2,631.6,525.41,32.24,2.79,1192.03,44.31096532805383,55.68903467194618,1157.01,35.03
2025-02-01,667.93,529.31,634.0,526.33,33.93,2.98,1197.23,44.21122090158114,55.789614359813896,1160.33,36.91
2025-03-01,666.11,534.69,632.57,531.18,33.54,3.5,1200.8,44.527814790139914,55.47218520986009,1163.75,37.04
2025-04-01,667.19,536.65,633.29,533.14,33.9,3.51,1203.84,44.578183147262095,55.42181685273791,1166.4299999999998,37.41
2025-05-01,669.69,537.39,634.91,533.51,34.78,3.88,1207.08,44.51983298538622,55.48016701461379,1168.42,38.660000000000004
2025-06-01,679.86,538.5,637.87,533.0,41.99,5.5,1218.36,44.19875898749139,55.801241012508626,1170.87,47.49
2025-07-01,683.52,536.51,641.03,530.88,42.48,5.63,1220.02,43.975508598219704,56.025311060474415,1171.9099999999999,48.11
2025-08-01,686.79,537.75,645.27,532.76,41.52,4.99,1224.54,43.91444950757019,56.08555049242982,1178.03,46.510000000000005
2025-09-01,689.11,539.83,647.47,534.85,41.64,4.98,1228.94,43.926473220824455,56.07352677917555,1182.3200000000002,46.620000000000005
2025-10-01,689.61,541.77,647.82,536.8,41.78,4.97,1231.38,43.99697899917165,56.00302100082833,1184.62,46.75
2025-11-01,692.16,542.37,650.22,537.26,41.94,5.11,1234.53,43.93331875288571,56.06668124711428,1187.48,47.05
2026-01-01,768.26,545.74,725.67,540.67,42.59,5.07,1314.0,41.532724505327245,58.467275494672755,1266.34,47.660000000000004
2026-02-01,773.66,547.65,730.75,542.56,42.91,5.08,1321.31,41.44750285701311,58.55249714298688,1273.31,47.989999999999995
2026-03-01,778.79,551.79,735.73,546.6,43.06,5.19,1330.58,41.4698853131717,58.530114686828306,1282.33,48.25
2026-04-01,783.12,554.41,739.78,549.18,43.34,5.23,1337.54,41.44997532784066,58.549277030967296,1288.96,48.57000000000001
